----- PERSON ---------------------
Insert into F21_S003_7_Person(fname, lname, dob, address) values ('Emmye' ,'Derkes' , '20-AUG-1988', '018 Armistice Plaza Dallas');
Insert into F21_S003_7_Person(fname, lname, dob, address) values ('Alick' ,'Mc Pake' , '30-SEP-1980', '68461 Union Junction Atlanta');
Insert into F21_S003_7_Person(fname, lname, dob, address) values ('Rebecka' ,'Hanks' , '08-SEP-1985', '2026 Muir Crossing Tampa');
Insert into F21_S003_7_Person(fname, lname, dob, address) values ('Dorey' ,'Stichel' , '03-JAN-1981', '2026 Muir Crossing Seattle');
Insert into F21_S003_7_Person(fname, lname, dob, address) values ('Levey' ,'Marion' , '22-FEB-1982', '2 Golf Hill Detroit');
Insert into F21_S003_7_Person(fname, lname, dob, address) values ('Guy' ,'Elings' , '26-APR-1985', '56 Brickson Park Hill Houston');
Insert into F21_S003_7_Person(fname, lname, dob, address) values ('Katherine' ,'Bliven' , '30-JUL-1993', '47 Express Road Miami');
Insert into F21_S003_7_Person(fname, lname, dob, address) values ('Inez' ,'Boyda' , '12-JUN-1996', '34805 Sutteridge Pass Chicago');
Insert into F21_S003_7_Person(fname, lname, dob, address) values ('Gabbie' ,'Fentem' , '01-MAY-1998', '6 Melvin Lane Washington');
Insert into F21_S003_7_Person(fname, lname, dob, address) values ('Dniren' ,'Pettengell' , '19-MAR-1990', '5 Melrose Avenue Boston');
Insert into F21_S003_7_Person(fname, lname, dob, address) values ('Layen' ,'Warre' , '25-OCT-1991', '3 Buhler Drive Phoenix');
Insert into F21_S003_7_Person(fname, lname, dob, address) values ('Anni' ,'Gandey' , '23-DEC-1986', '39619 Ramsey Park Detroit');
Insert into F21_S003_7_Person(fname, lname, dob, address) values ('Fredric' ,'pleuman' , '21-SEP-1989', '83673 Hoard Way Seattle');
Insert into F21_S003_7_Person(fname, lname, dob, address) values ('jarib' ,'Jowitt' , '05-MAR-1984', '382 Scoville Place San Fransisco');
Insert into F21_S003_7_Person(fname, lname, dob, address) values ('Benton' ,'Lusher' , '10-FEB-1994', '757 Jay Alley Boston');
Insert into F21_S003_7_Person(fname, lname, dob, address) values ('Ceclio' ,'hurry' , '13-AUG-1999', '432 Fallview Point Dallas');
Insert into F21_S003_7_Person(fname, lname, dob, address) values ('Allyn' ,'Leftwitch' , '01-APR-2000', '622 Duke Lane Hoston');
Insert into F21_S003_7_Person(fname, lname, dob, address) values ('Theodosia' ,'Dinse' , '07-NOV-1991', '3 Westridge Center Washington');
Insert into F21_S003_7_Person(fname, lname, dob, address) values ('Lefty' ,'Broader' , '09-OCT-1984', '8072 Lighthouse Bay Way Phoenix');
Insert into F21_S003_7_Person(fname, lname, dob, address) values ('Clarinda' ,'Binge' , '12-FEB-1988', '616 Marquette Pass Miami');
------------------------------------------------------------------------------------------------------------------------------------------------------------------------------
Insert into F21_S003_7_Person(fname, lname, dob, address) values ('Helli' ,'Hamil' , '27-JAN-1989', '3 Buhler Drive Houston');
Insert into F21_S003_7_Person(fname, lname, dob, address) values ('Bert' ,'Jagg' , '31-AUG-1983', '5 Melrose Avenue Atlanta');
Insert into F21_S003_7_Person(fname, lname, dob, address) values ('Nev' ,'Jenkin' , '28-SEP-1980', '34805 Sutteridge Pass Tampa');
Insert into F21_S003_7_Person(fname, lname, dob, address) values ('Tev' ,'Issac' , '13-JAN-1987', '2026 Muir Crossing Dallas');
Insert into F21_S003_7_Person(fname, lname, dob, address) values ('Teja' ,'Niblo' , '22-FEB-1983', '33 Prentice Trail Detroit');
Insert into F21_S003_7_Person(fname, lname, dob, address) values ('Marj' ,'Slow' , '26-APR-1981', '96 Old Shore Crossing Houston');
Insert into F21_S003_7_Person(fname, lname, dob, address) values ('Doll' ,'Fast' , '30-JUL-1994', '9771 Caliangt Street Miami');
Insert into F21_S003_7_Person(fname, lname, dob, address) values ('Uins' ,'Soden' , '12-JUN-1992', '515 Helena Terrace Chicago');
Insert into F21_S003_7_Person(fname, lname, dob, address) values ('Doule' ,'Jankin' , '01-MAY-1996', '08889 Superior Lane Washington');
Insert into F21_S003_7_Person(fname, lname, dob, address) values ('Gol' ,'Bree' , '12-APR-1991', '29072 Paget Circle Phoneix');
Insert into F21_S003_7_Person(fname, lname, dob, address) values ('Gal' ,'Ladel' , '17-JUL-1995', '3254 Bashford Plaza Boston');
Insert into F21_S003_7_Person(fname, lname, dob, address) values ('Tonny' ,'Pird' , '11-FEB-1980', '181 Elgar Trail Detroit');
Insert into F21_S003_7_Person(fname, lname, dob, address) values ('jon' ,'Karus' , '29-SEP-1989', '6 Bunting Alley San Fransisco');
Insert into F21_S003_7_Person(fname, lname, dob, address) values ('Glow' ,'Davio' , '02-APR-1984', '8833 Marquette Lane Seattle');
Insert into F21_S003_7_Person(fname, lname, dob, address) values ('Flow' ,'Artois' , '11-JUN-1994', '8118 Myrtle Road Boston');
Insert into F21_S003_7_Person(fname, lname, dob, address) values ('Donnie' ,'Bower' , '13-AUG-2000', '914 Lawn Avenue Dallas');
Insert into F21_S003_7_Person(fname, lname, dob, address) values ('Any' ,'Dur' , '01-APR-1996', '0684 Hallows Terrace Hoston');
Insert into F21_S003_7_Person(fname, lname, dob, address) values ('Ceaser' ,'Chotty' , '07-NOV-1992', '4 Northridge Junction Washington');
Insert into F21_S003_7_Person(fname, lname, dob, address) values ('Bran' ,'Gipp' , '09-NOV-1983', '594 Haas Pass Phoenix');
Insert into F21_S003_7_Person(fname, lname, dob, address) values ('Joby' ,'Kell' , '14-OCT-1982', '92252 Bayside Road Boston');

----------------------------------------------------------------------------------------------------------------------------------------------------------------------------------------------

----- PERSON _EMAIL---------------------
insert into F21_S003_7_Person_email(fname, lname, email) values ('Emmye', 'Derkes', 'ederkes0@google.com');
insert into F21_S003_7_Person_email(fname, lname, email) values ('Alick', 'Mc Pake', 'amcpake1@de.vu');
insert into F21_S003_7_Person_email(fname, lname, email) values ('Rebecka', 'Hanks', 'rhanks2@google.com');
insert into F21_S003_7_Person_email(fname, lname, email) values ('Dorey', 'Stichel', 'dstichel3@alexa.com');
insert into F21_S003_7_Person_email(fname, lname, email) values ('Levey', 'Marion', 'lmar4@theardian.com');
insert into F21_S003_7_Person_email(fname, lname, email) values ('Guy', 'Elings', 'gengs5@bigctel.com');
insert into F21_S003_7_Person_email(fname, lname, email) values ('Katherine', 'Bliven', 'kbliven6@redff.com');
insert into F21_S003_7_Person_email(fname, lname, email) values ('Inez', 'Boyda', 'iboyda7@wp.com');
insert into F21_S003_7_Person_email(fname, lname, email) values ('Gabbie', 'Fentem', 'gfm8@blinst.com');
insert into F21_S003_7_Person_email(fname, lname, email) values ('Dniren', 'Pettengell', 'dpel9@jimdo.com');
insert into F21_S003_7_Person_email(fname, lname, email) values ('Layen', 'Warre', 'lwarrea@wisc.edu');
insert into F21_S003_7_Person_email(fname, lname, email) values ('Anni', 'Gandey', 'ageyb@tinyurl.com');
insert into F21_S003_7_Person_email(fname, lname, email) values ('Fredric', 'pleuman', 'fpumanc@wsj.com');
insert into F21_S003_7_Person_email(fname, lname, email) values ('jarib', 'Jowitt', 'jjowtd@sohu.com');
insert into F21_S003_7_Person_email(fname, lname, email) values ('Benton', 'Lusher', 'blushere@mail.ru');
insert into F21_S003_7_Person_email(fname, lname, email) values ('Ceclio', 'hurry', 'churryf@openrce.org');
insert into F21_S003_7_Person_email(fname, lname, email) values ('Allyn', 'Leftwitch', 'aleftwichg@hp.com');
insert into F21_S003_7_Person_email(fname, lname, email) values ('Theodosia', 'Dinse', 'tdinseh@hc360.com');
insert into F21_S003_7_Person_email(fname, lname, email) values ('Lefty', 'Broader', 'loaderi@washton.edu');
Insert into F21_S003_7_Person_email(fname, lname,  email) values ('Clarinda' ,'Binge', 'jyoliver@hotmail.com');
-----------------------------------------------------------------------------------------------------------------------------------------------------------------------------
Insert into F21_S003_7_Person_email(fname, lname,  email) values ('Helli' ,'Hamil' , 'michiel@me.com');
Insert into F21_S003_7_Person_email(fname, lname,  email) values ('Bert' ,'Jagg' , 'noahb@mac.com');
Insert into F21_S003_7_Person_email(fname, lname,  email) values ('Nev' ,'Jenkin', 'jimmichie@aol.com');
Insert into F21_S003_7_Person_email(fname, lname,  email) values ('Tev' ,'Issac' , '2caidaperl@comcast.nets');
Insert into F21_S003_7_Person_email(fname, lname,  email) values ('Teja' ,'Niblo' , 'tandersbr@verizon.net');
Insert into F21_S003_7_Person_email(fname, lname,  email) values ('Marj' ,'Slow' , 'cparis@me.com');
Insert into F21_S003_7_Person_email(fname, lname,  email) values ('Doll' ,'Fast' , 'avalon@mac.com');
Insert into F21_S003_7_Person_email(fname, lname,  email) values ('Uins' ,'Soden' , 'gknauss@sbcglobal.net');
Insert into F21_S003_7_Person_email(fname, lname,  email) values ('Doule' ,'Jankin' , 'massignjumbo@msn.com');
Insert into F21_S003_7_Person_email(fname, lname,  email) values ('Gol' ,'Bree' , 'catchsuspicious@live.com');
Insert into F21_S003_7_Person_email(fname, lname,  email) values ('Gal' ,'Ladel' , 'awkwardliz@att.net');
Insert into F21_S003_7_Person_email(fname, lname,  email) values ('Tonny' ,'Pird' , 'horrifiedtrudi@mac.com');
Insert into F21_S003_7_Person_email(fname, lname,  email) values ('jon' ,'Karus' , 'leavegrowing@me.com');
Insert into F21_S003_7_Person_email(fname, lname,  email) values ('Glow' ,'Davio' , 'stunnedjonty@sbcglobal.net');
Insert into F21_S003_7_Person_email(fname, lname,  email) values ('Flow' ,'Artois' , 'janeyconsiderate@verizon.net');
Insert into F21_S003_7_Person_email(fname, lname,  email) values ('Donnie' ,'Bower' , 'nikkiconsiderate@yahoo.com');
Insert into F21_S003_7_Person_email(fname, lname,  email) values ('Any' ,'Dur' , 'leavegrowing@me.com');
Insert into F21_S003_7_Person_email(fname, lname,  email) values ('Ceaser' ,'Chotty' , 'leavegrowing@me.com');
Insert into F21_S003_7_Person_email(fname, lname,  email) values ('Bran' ,'Gipp', 'barragehonorable@live.com');
Insert into F21_S003_7_Person_email(fname, lname,  email) values ('Joby' ,'Kell' , 'reteachdirect@yahoo.com');

----------------------------------------------------------------------------------------------------------------------------------------------------------------------------------------------
----- PERSON _PHONENUMBER---------------------
insert into F21_S003_7_Person_phonenumber(fname, lname, phonenumber) values ('Emmye', 'Derkes', '3599704313');
insert into F21_S003_7_Person_phonenumber(fname, lname, phonenumber) values ('Alick', 'Mc Pake', '3299704413');
insert into F21_S003_7_Person_phonenumber(fname, lname, phonenumber) values ('Rebecka', 'Hanks', '2599704513');
insert into F21_S003_7_Person_phonenumber(fname, lname, phonenumber) values ('Dorey', 'Stichel', '7596704313);
insert into F21_S003_7_Person_phonenumber(fname, lname, phonenumber) values ('Levey', 'Marion', '1599304343');
insert into F21_S003_7_Person_phonenumber(fname, lname, phonenumber) values ('Guy', 'Elings', '3345974437');
insert into F21_S003_7_Person_phonenumber(fname, lname, phonenumber) values ('Katherine', 'Bliven', '3495754313');
insert into F21_S003_7_Person_phonenumber(fname, lname, phonenumber) values ('Inez', 'Boyda', '3898707313');
insert into F21_S003_7_Person_phonenumber(fname, lname, phonenumber) values ('Gabbie', 'Fentem', '339504643');
insert into F21_S003_7_Person_phonenumber(fname, lname, phonenumber) values ('Dniren', 'Pettengell', '3799704718');
insert into F21_S003_7_Person_phonenumber(fname, lname, phonenumber) values ('Layen', 'Warre', '3594704313');
insert into F21_S003_7_Person_phonenumber(fname, lname, phonenumber) values ('Anni', 'Gandey', '354594513');
insert into F21_S003_7_Person_phonenumber(fname, lname, phonenumber) values ('Fredric', 'pleuman', '3599503442');
insert into F21_S003_7_Person_phonenumber(fname, lname, phonenumber) values ('jarib', 'Jowitt', '2599705111');
insert into F21_S003_7_Person_phonenumber(fname, lname, phonenumber) values ('Benton', 'Lusher', '2599701111');
insert into F21_S003_7_Person_phonenumber(fname, lname, phonenumber) values ('Ceclio', 'hurry', '4599704222');
insert into F21_S003_7_Person_phonenumber(fname, lname, phonenumber) values ('Allyn', 'Leftwitch', '3599704333');
insert into F21_S003_7_Person_phonenumber(fname, lname, phonenumber) values ('Theodosia', 'Dinse', '3599702323');
insert into F21_S003_7_Person_phonenumber(fname, lname, phonenumber) values ('Lefty', 'Broader', '3599504303');
Insert into F21_S003_7_Person_phonenumber(fname, lname, phonenumber) values ('Clarinda' ,'Binge' ,'9124362195');
------------------------------------------------------------------------------------------------------------------------------------------------------------------------------
Insert into F21_S003_7_Person_phonenumber(fname, lname, phonenumber) values ('Helli' ,'Hamil' , '9393294853');
Insert into F21_S003_7_Person_phonenumber(fname, lname, phonenumber) values ('Bert' ,'Jagg', '2034796926');
Insert into F21_S003_7_Person_phonenumber(fname, lname, phonenumber) values ('Nev' ,'Jenkin' , '2143071484');
Insert into F21_S003_7_Person_phonenumber(fname, lname, phonenumber) values ('Tev' ,'Issac' , '8569358942');
Insert into F21_S003_7_Person_phonenumber(fname, lname, phonenumber) values ('Teja' ,'Niblo' , '5122220282');
Insert into F21_S003_7_Person_phonenumber(fname, lname, phonenumber) values ('Marj' ,'Slow' , '6179390744');
Insert into F21_S003_7_Person_phonenumber(fname, lname, phonenumber) values ('Doll' ,'Fast' , '7134893015');
Insert into F21_S003_7_Person_phonenumber(fname, lname, phonenumber) values ('Uins' ,'Soden' , '6469771006');
Insert into F21_S003_7_Person_phonenumber(fname, lname, phonenumber) values ('Doule' ,'Jankin' , '9402059690');
Insert into F21_S003_7_Person_phonenumber(fname, lname, phonenumber) values ('Gol' ,'Bree', '2098930751');
Insert into F21_S003_7_Person_phonenumber(fname, lname, phonenumber) values ('Gal' ,'Ladel' , '4349829338');
Insert into F21_S003_7_Person_phonenumber(fname, lname, phonenumber) values ('Tonny' ,'Pird' , '6193652819');
Insert into F21_S003_7_Person_phonenumber(fname, lname, phonenumber) values ('jon' ,'Karus' , '7704268358');
Insert into F21_S003_7_Person_phonenumber(fname, lname, phonenumber) values ('Glow' ,'Davio' , '9204830033');
Insert into F21_S003_7_Person_phonenumber(fname, lname, phonenumber) values ('Flow' ,'Artois' , '6145150492');
Insert into F21_S003_7_Person_phonenumber(fname, lname, phonenumber) values ('Donnie' ,'Bower' , '8187754983');
Insert into F21_S003_7_Person_phonenumber(fname, lname, phonenumber) values ('Any' ,'Dur' , '5802776746');
Insert into F21_S003_7_Person_phonenumber(fname, lname, phonenumber) values ('Ceaser' ,'Chotty' , '9186685985');
Insert into F21_S003_7_Person_phonenumber(fname, lname, phonenumber) values ('Bran' ,'Gipp' , '3193573235');
Insert into F21_S003_7_Person_phonenumber(fname, lname, phonenumber) values ('Joby' ,'Kell' , '6089850121');

---------------------------------------------------------------------------------------------------------
----- Customer ---------------------

Insert into F21_S003_7_Customer(fname, lname, customerid) values('Helli', 'Hamil', 501);
Insert into F21_S003_7_Customer(fname, lname, customerid) values('Alick', 'Mc Pake', 502);
Insert into F21_S003_7_Customer(fname, lname, customerid) values('Rebecka', 'Hanks', 503);
Insert into F21_S003_7_Customer(fname, lname, customerid) values('Dorey', 'Stichel', 504);
Insert into F21_S003_7_Customer(fname, lname, customerid) values('Levey', 'Marion', 505);
Insert into F21_S003_7_Customer(fname, lname, customerid) values('Guy', 'Elings', 506);
Insert into F21_S003_7_Customer(fname, lname, customerid) values('Bert', 'Jagg', 507);
Insert into F21_S003_7_Customer(fname, lname, customerid) values('Nev', 'Jenkin', 508);
Insert into F21_S003_7_Customer(fname, lname, customerid) values('Tev', 'Issac', 509);
Insert into F21_S003_7_Customer(fname, lname, customerid) values('Teja', 'Niblo', 510);

----------------------------------------------------------------------------------------------------------------------------------------------------------------------------------------------
----- DEPARTMENT---------------------
--Chicago 10:--
Insert into F21_S003_7_Department(deptid, deptname, branchname, managerid) values(101,	'Cleaning staff', 'Chicago',1);
Insert into F21_S003_7_Department(deptid, deptname, branchname, managerid) values(102, 'Managerial staff', 'Chicago', 2);
Insert into F21_S003_7_Department(deptid, deptname, branchname, managerid) values(103, 'Kitchen staff', 'Chicago', 3);
Insert into F21_S003_7_Department(deptid, deptname, branchname, managerid) values(104, 'Accounting staff', 'Chicago', 4);
Insert into F21_S003_7_Department(deptid, deptname, branchname, managerid) values(105, 'HR staff', 'Chicago', 5);


--Miami 20:
Insert into F21_S003_7_Department(deptid, deptname, branchname, managerid) values(201,	'Cleaning staff', 'Miami',6);
Insert into F21_S003_7_Department(deptid, deptname, branchname, managerid) values(202, 'Managerial staff', 'Miami', 7);
Insert into F21_S003_7_Department(deptid, deptname, branchname, managerid) values(203, 'Kitchen staff', 'Miami', 8);
Insert into F21_S003_7_Department(deptid, deptname, branchname, managerid) values(204, 'Accounting staff', 'Miami', 9);
Insert into F21_S003_7_Department(deptid, deptname, branchname, managerid) values(205, 'HR staff', 'Miami', 10);


--Dallas:30
Insert into F21_S003_7_Department(deptid, deptname, branchname, managerid) values(301,	'Cleaning staff', 'Dallas',11);
Insert into F21_S003_7_Department(deptid, deptname, branchname, managerid) values(302, 'Managerial staff', 'Dallas', 12);
Insert into F21_S003_7_Department(deptid, deptname, branchname, managerid) values(303, 'Kitchen staff', 'Dallas', 13);
Insert into F21_S003_7_Department(deptid, deptname, branchname, managerid) values(304, 'Accounting staff', 'Dallas', 14);
Insert into F21_S003_7_Department(deptid, deptname, branchname, managerid) values(305, 'HR staff', 'Dallas', 15);

--Boston: 40
--Insert into F21_S003_7_Department(deptit, deptname, branchname, managerid) values (401  ,’Administrator’ , ‘Boston’ , 201  );
--Insert into F21_S003_7_Department(deptit, deptname, branchname, managerid) values (402  ,’Cleaning staff’ , ‘Boston’ , 202  );
--Insert into F21_S003_7_Department(deptit, deptname, branchname, managerid) values (403  ,’Managerial staff’ ,  ‘Boston’ , 203  );
--Insert into F21_S003_7_Department(deptit, deptname, branchname, managerid) values (404  ,’Kitchen staff’ ,  ‘Boston’ , 204  );
--Insert into F21_S003_7_Department(deptit, deptname, branchname, managerid) values (405  ,’Accounting staff’ ,  ‘Boston’ , 205  );
--Insert into F21_S003_7_Department(deptit, deptname, branchname, managerid) values (406  ,’HR staff’ ,  ‘Boston’ , 206  );

-------------------------------------------------------------------------------------------------------------------------------------------------------------------------------------------
----- RESTAURANT BRANCH---------------------
Insert into F21_S003_7_RestaurantBranch ( branchid, name, location, noofchair, tableid) values (10, 'Chicago', '5181 Morning Center', 60, 12 );
Insert into F21_S003_7_RestaurantBranch ( branchid, name, location, noofchair, tableid) values (20, 'Miami', '139 1st Terrace', 40, 10);
Insert into F21_S003_7_RestaurantBranch ( branchid, name, location, noofchair, tableid) values (30, 'Dallas', '136 Delaware Street', 80,20);

----------------------------------------------------------------------------------------------------------------------------------------------------------------------------------------------
----- Dishes---------------------
insert into F21_S003_7_Dishes(dishid, dishname, receipe, creationdate) values ('1111', 'Blueberry Pie', 
'On a lightly floured surface, roll one half of pie dough to a 1/8-in.-thick circle; transfer to a 9-in. pie plate. Trim pastry even with rim; flute edge. 
Refrigerate 30 minutes. Leave remaining pie dough refrigerated.Preheat oven to 400°. Combine blueberries, sugar, tapioca, lemon juice and salt; toss gently. 
Let stand for 15 minutes.Add filling to pie pastry; dot with butter. Bake 20 minutes on a lower oven rack. Reduce heat to 350°; bake 10 minutes more. 
Cover edges loosely with foil to prevent burning. Return to lower rack of oven; bake 15-20 minutes longer, until blueberries are bubbly and beginning to burst. Cool on a wire rack.
Roll remaining dough to a 1/8-in.-thick circle. Cut out stars using different-sized cookie cutters as desired. Place on an ungreased baking sheet. 
Bake at 350° until golden brown, 5-10 minutes. Remove to wire racks to cool. Place stars over cooled pie in any pattern desired.', '12-NOV-2017');

insert into F21_S003_7_Dishes(dishid, dishname, receipe, creationdate) values ('1122', 'Texas-Style Beef Brisket', 
'In a large bowl or shallow dish, combine the Worcestershire sauce, chili powder, bay leaves, garlic, celery salt, pepper and, if desired, liquid smoke. 
Cut brisket in half; add to bowl and turn to coat. Cover and refrigerate overnight.
Transfer beef to a 5- or 6-qt. slow cooker; add broth and bay leaves. Cover and cook on low for 6-8 hours or until tender.
For sauce, in a small saucepan, saute onion in oil until tender. Add garlic; cook 1 minute longer. Stir in the remaining ingredients; heat through.
Remove brisket from the slow cooker; discard bay leaves. Place 1 cup cooking juices in a measuring cup; skim fat. Add to the barbecue sauce. 
Discard remaining juices.Return brisket to the slow cooker; top with sauce mixture. Cover and cook on high for 30 minutes to allow flavors to blend. Thinly slice beef across the grain; serve with sauce.
Freeze option: Place individual portions of sliced brisket in freezer containers; top with barbecue sauce. Cool and freeze. To use, partially thaw in refrigerator overnight. 
Heat through in a covered saucepan, gently stirring and adding a little water if necessary.', '23-DEC-2019');

insert into F21_S003_7_Dishes(dishid, dishname, receipe, creationdate) values ('1133', 'ButterBasted Burgers', 
'Sprinkle ground beef with seasoned salt and pepper. Pulse mushrooms in a food processor until finely chopped. Add to seasoned beef, mixing lightly but thoroughly. Shape into four 1/2-in.-thick patties.
In a large skillet, heat 2 tablespoons butter over medium heat. Add burgers; cook 6-8 minutes on each side, basting with butter, until a thermometer reads 160°. Remove from heat; keep warm. Add bun tops to skillet; toast until golden brown.
Transfer burgers to bun bottoms. Top each with 1 teaspoon butter. Replace bun tops. Serve with toppings.', '02-JAN-2020');

insert into F21_S003_7_Dishes(dishid, dishname, receipe, creationdate) values ('1144', 'Tater Tot Casseroles', 
'In a Dutch oven, cook the sausage, beef and onion over medium heat until meat is no longer pink; drain. Add the soup, beans, corn, 1 cup cheese, milk, garlic powder, seasoned salt and cayenne. Transfer to 2 greased 11x7-in. baking dishes. Top with Tater Tots; sprinkle with remaining cheese.
Cover and freeze 1 casserole for up to 3 months. Cover and bake the remaining casserole at 350° for 40 minutes. Uncover and bake until bubbly, 5-10 minutes longer.
To use frozen casserole: Thaw in the refrigerator overnight. Remove from the refrigerator 30 minutes before baking.
Cover and bake at 350° for 50 minutes. Uncover and bake until bubbly, 5-10 minutes longer.', '18-APR-2019');

insert into F21_S003_7_Dishes(dishid, dishname, receipe, creationdate) values ('1155', 'Easy Key Lime Pie', 
'In a large bowl, beat cream cheese until smooth. Beat in milk and lime juice until blended. Transfer to crust. Refrigerate, covered, at least 4 hours. 
Just before serving, garnish with whipped topping and, if desired, lime slices', '20-MAR-2021');

----------------------------------------------------------------------------------------------------------------------------------------------------------------------------------------------
----- Dishes_Ingredients ---------------------

insert into F21_S003_7_Dishes_Ingredients (dishid, ingredients) values ('1111','Pastry for double-crust pie (9 inches)
4 cups fresh or frozen blueberries
1 cup sugar
1/4 cup quick-cooking tapioca
1 tablespoon lemon juice
1/4 teaspoon salt
2 tablespoons butter');

insert into F21_S003_7_Dishes_Ingredients (dishid, ingredients) values ('1122','3 tablespoons Worcestershire sauce
1 tablespoon chili powder
2 garlic cloves, minced
1 teaspoon celery salt
1 teaspoon pepper
1 teaspoon liquid smoke, optional
1 fresh beef brisket (6 pounds)
1/2 cup beef broth
2 bay leaves3 tablespoons Worcestershire sauce
1 tablespoon chili powder
2 garlic cloves, minced
1 teaspoon celery salt
1 teaspoon pepper
1 teaspoon liquid smoke, optional
1 fresh beef brisket (6 pounds)
1/2 cup beef broth
2 bay leaves');

insert into F21_S003_7_Dishes_Ingredients (dishid, ingredients) values ('1133','1 pound lean ground beef (90% lean)
1/2 teaspoon seasoned salt
1/2 teaspoon pepper
1/2 pound fresh mushrooms
2 tablespoons plus 4 teaspoons butter, divided
4 hamburger buns, split
Optional toppings: Tomato slices, lettuce leaves, dill pickle slices, ketchup and mustard');

insert into F21_S003_7_Dishes_Ingredients (dishid, ingredients) values ('1144','3/4 pound bulk hot Italian sausage
3/4 pound lean ground beef (90% lean)
1 small onion, chopped
2 cans (10-1/2 ounces each) condensed cream of celery soup, undiluted
2 cups frozen cut green beans, thawed
1 can (15-1/4 ounces) whole kernel corn, drained
2 cups shredded Colby-Monterey Jack cheese, divided
1/2 cup 2% milk
1 teaspoon garlic powder
1/4 teaspoon seasoned salt
1/4 to 1/2 teaspoon cayenne pepper
1 package (32 ounces) frozen Tater Tots');

insert into F21_S003_7_Dishes_Ingredients (dishid, ingredients) values ('1155','1 package (8 ounces) cream cheese, softened
1 can (14 ounces) sweetened condensed milk
1/2 cup Key lime juice or lime juice
1 graham cracker crust (9 inches)
2 cups whipped topping
Lime slices, optional');

----------------------------------------------------------------------------------------------------------------------------------------------------------------------------------------------
----- EMPLOYEE---------------------

Insert into  F21_S003_7_Employee (fname, lname, empid, ssn, sex, role, salary, branchid, managerid, deptid) 
values('Emmye', 'Derkes', 1, 382-33-0763, 'F', 'Managerial staff', 12424.14, 10, 256, 101);
Insert into  F21_S003_7_Employee(fname, lname , empid, ssn, sex, salary, branchid, managerid, deptid) 
values('Emmye', 'Mc Pake', 2, 382-33-0763, F, 10835.37, 10, 256, 102);
Insert into  F21_S003_7_Employee(fname, lname, empid, ssn, sex, salary, branchid, managerid, deptid) 
values('Emmye', 'Hanks'', 3, 382-33-0763, F, $19144.06, 10, 256, 103);
Insert into  F21_S003_7_Employee(fname, lname, empid, ssn, sex, salary, branchid, managerid, deptid) 
values('Rebecka', 'Stichel', 4, 382-33-0763, F, $17889.84, 10, 256, 104);
Insert into  F21_S003_7_Employee(fname, lname, empid, ssn, sex, salary, branchid, managerid, deptid) 
values('Levey', 'Marion', 5, 382-33-0763, F, $3737.99, 10, 256, 105);

Insert into  F21_S003_7_Employee(fname,lname, empid, ssn, sex, salary, branchid, managerid, deptid) 
values('Guy', 'Elings', 6, 382-33-0763, F, $1691.77, 20, 256, 201);
Insert into  F21_S003_7_Employee(fname, lname, empid, ssn, sex, salary, branchid, managerid, deptid) 
values('Katherine', 'Bliven', 7, 382-33-0763, F,$6330.83, 20, 256, 201);
Insert into  F21_S003_7_Employee(fname, lname, empid, ssn, sex, salary, branchid, managerid, deptid) 
values('Inez', 'Boyda', 8, 382-33-0763, F, $17495.56, 20, 256, 201);
Insert into  F21_S003_7_Employee(fname, lname, empid, ssn, sex, salary, branchid, managerid, deptid) 
values('Gabbie', 'Fentem', 9, 382-33-0763, F, $17495.56, 20, 256, 201);
Insert into  F21_S003_7_Employee(fname, lname, empid, ssn, sex, salary, branchid, managerid, deptid) 
values('Dniren', 'Pettengell', 10, 382-33-0763, F, $17495.56, 20, 256, 201);

Insert into  F21_S003_7_Employee(fname, lname, empid, ssn, sex, salary, branchid, managerid, deptid) 
values('Layen', 'Warre', 11, 382-33-0763, F, $17495.56, 30, 256, 301);
Insert into  F21_S003_7_Employee(fname, lname, empid, ssn, sex, salary, branchid, managerid, deptid) 
values('Anni', 'Gandey', 12, 382-33-0763, F, $17495.56, 30, 256, 302);
Insert into  F21_S003_7_Employee(fname, lname, empid, ssn, sex, salary, branchid, managerid, deptid) 
values('Fredric', 'pleuman, 13, 382-33-0763, F, $17495.56, 30, 256, 303);
Insert into  F21_S003_7_Employee(fname, lname, empid, ssn, sex, salary, branchid, managerid, deptid) 
values('jarib', 'Jowitt', 14, 382-33-0763, F, $17495.56, 30, 256, 304);
Insert into  F21_S003_7_Employee(fname, lname, empid, ssn, sex, salary, branchid, managerid, deptid) 
values('Benton', 'Lusher', 15, 382-33-0763, F, $17495.56, 30, 256, 305);

----------------------------------------------------------------------------------------------------------------------------------------------------------------------------------------------
----- EXPENSES ---------------------
Insert into F21_S003_7_Expenses ( expid, branchid, cost, name, expensedate) values(1,10,5000,'Gas Cost','31-DEC-2020'); 
Insert into F21_S003_7_Expenses ( expid, branchid, cost, name, expensedate) values(2,10,10000,'Food Cost','31-DEC-2020');
Insert into F21_S003_7_Expenses ( expid, branchid, cost, name, expensedate) values(3,10,1000,'Water Cost','31-DEC-2020');
Insert into F21_S003_7_Expenses ( expid, branchid, cost, name, expensedate) values(4,10,400,'Utilities Cost', '31-DEC-2020');

Insert into F21_S003_7_Expenses ( expid, branchid, cost, name, expensedate) values(5,20,4800,'Gas Cost','31-DEC-2020'); 
Insert into F21_S003_7_Expenses ( expid, branchid, cost, name, expensedate) values(6,20,9000,'Food Cost','31-DEC-2020');
Insert into F21_S003_7_Expenses ( expid, branchid, cost, name, expensedate) values(7,20,800,'Water Cost','31-DEC-2020');
Insert into F21_S003_7_Expenses ( expid, branchid, cost, name, expensedate) values(8,20,400,'Utilities Cost', '31-DEC-2020');

Insert into F21_S003_7_Expenses ( expid, branchid, cost, name, expensedate) values(9,30,4500,'Gas Cost','31-DEC-2020'); 
Insert into F21_S003_7_Expenses ( expid, branchid, cost, name, expensedate) values(10,30,8000,'Food Cost', '31-DEC-2020');
Insert into F21_S003_7_Expenses ( expid, branchid, cost, name, expensedate) values(11,30,700,'Water Cost', '31-DEC-2020');
Insert into F21_S003_7_Expenses ( expid, branchid, cost, name, expensedate) values(12,30,400,'Utilities Cost', '31-DEC-2020');

Insert into F21_S003_7_Expenses ( expid, branchid, cost, name, expensedate) values(13,10,5000,'Gas Cost','31-DEC-2019'); 
Insert into F21_S003_7_Expenses ( expid, branchid, cost, name, expensedate) values(14,10,10000,'Food Cost','31-DEC-2019');
Insert into F21_S003_7_Expenses ( expid, branchid, cost, name, expensedate) values(15,10,1000,'Water Cost','31-DEC-2019');
Insert into F21_S003_7_Expenses ( expid, branchid, cost, name, expensedate) values(16,10,400,'Utilities Cost', '31-DEC-2019');

Insert into F21_S003_7_Expenses ( expid, branchid, cost, name, expensedate) values(17,20,4800,'Gas Cost','31-DEC-2019'); 
Insert into F21_S003_7_Expenses ( expid, branchid, cost, name, expensedate) values(18,20,9000,'Food Cost','31-DEC-2019');
Insert into F21_S003_7_Expenses ( expid, branchid, cost, name, expensedate) values(19,20,800,'Water Cost','31-DEC-2019');
Insert into F21_S003_7_Expenses ( expid, branchid, cost, name, expensedate) values(20,20,400,'Utilities Cost', '31-DEC-2019');

Insert into F21_S003_7_Expenses ( expid, branchid, cost, name, expensedate) values(21,30,4500,'Gas Cost','31-DEC-2019'); 
Insert into F21_S003_7_Expenses ( expid, branchid, cost, name, expensedate) values(22,30,8000,'Food Cost', '31-DEC-2019');
Insert into F21_S003_7_Expenses ( expid, branchid, cost, name, expensedate) values(23,30,700,'Water Cost', '31-DEC-2019');
Insert into F21_S003_7_Expenses ( expid, branchid, cost, name, expensedate) values(24,30,400,'Utilities Cost', 31-DEC-2019'); 

----------------------------------------------------------------------------------------------------------------------------------------------------------------------------------------------
----- RestaurantBranch_Dishes ---------------------
Insert into F21_S003_7_RestaurantBranch_Dishes (branchid, dishid) values(10, 1111);
Insert into F21_S003_7_RestaurantBranch_Dishes (branchid, dishid) values(10, 1112);
Insert into F21_S003_7_RestaurantBranch_Dishes (branchid, dishid) values(10, 1113);
Insert into F21_S003_7_RestaurantBranch_Dishes (branchid, dishid) values(10, 1114);
Insert into F21_S003_7_RestaurantBranch_Dishes (branchid, dishid) values(10, 1115);

Insert into F21_S003_7_RestaurantBranch_Dishes (branchid, dishid) values(20, 1111);
Insert into F21_S003_7_RestaurantBranch_Dishes (branchid, dishid) values(20, 1112);
Insert into F21_S003_7_RestaurantBranch_Dishes (branchid, dishid) values(20, 1113);
Insert into F21_S003_7_RestaurantBranch_Dishes (branchid, dishid) values(20, 1114);
Insert into F21_S003_7_RestaurantBranch_Dishes (branchid, dishid) values(20, 1115);

Insert into F21_S003_7_RestaurantBranch_Dishes (branchid, dishid) values(30, 1111);
Insert into F21_S003_7_RestaurantBranch_Dishes (branchid, dishid) values(30, 1112);
Insert into F21_S003_7_RestaurantBranch_Dishes (branchid, dishid) values(30, 1113);
Insert into F21_S003_7_RestaurantBranch_Dishes (branchid, dishid) values(30, 1114);
Insert into F21_S003_7_RestaurantBranch_Dishes (branchid, dishid) values(30, 1115);

---------------------------------------------------------------------------------------------------------
----- ORDERS ---------------------
insert into F21_S003_7_Orders (customerid , dishid ,  price , orderid , orderdate, weekday, time) values(501, 1111, 10, 1001, '10-SEP-2020', 'Thursday', '17:40'  );
insert into F21_S003_7_Orders (customerid , dishid ,  price , orderid , orderdate, weekday, time) values(502, 1122, 12, 1002, '10-SEP-2020', 'Thursday',  '17:40' );
insert into F21_S003_7_Orders (customerid , dishid ,  price , orderid , orderdate, weekday, time) values(503, 1133, 8, 1003, '16-SEP-2020', 'Wednesday',  '17:40' );
insert into F21_S003_7_Orders (customerid , dishid ,  price , orderid , orderdate, weekday, time) values(504, 1144, 25, 1004, 16-SEP-2020, 'Wednesday',  '17:40' );
insert into F21_S003_7_Orders (customerid , dishid ,  price , orderid , orderdate, weekday, time) values(505, 1155, 15, 1005, 17-SEP-2020, 'Thursday',  '17:40' );
insert into F21_S003_7_Orders (customerid , dishid ,  price , orderid , orderdate, weekday, time) values(506, 1122, 12, 1006, '18-SEP-2020', 'Friday',  '17:40');
insert into F21_S003_7_Orders (customerid , dishid ,  price , orderid , orderdate, weekday, time) values(507, 1144, 25, 1007, '18-SEP-2020', 'Friday',  '18:40');
insert into F21_S003_7_Orders (customerid , dishid ,  price , orderid , orderdate, weekday, time) values(508, 1155, 15, 1008, '18-SEP-2020', 'Friday',  '18:40');
insert into F21_S003_7_Orders (customerid , dishid ,  price , orderid , orderdate, weekday, time) values(509, 1111, 10, 1009, '18-SEP-2020', 'Friday',  '18:40');
insert into F21_S003_7_Orders (customerid , dishid ,  price , orderid , orderdate, weekday, time) values(510, 1122, 12, 1010, '18-SEP-2020', 'Friday',  '19:40');
insert into F21_S003_7_Orders (customerid , dishid ,  price , orderid , orderdate, weekday, time) values(502, 1155, 15, 1011, '21-SEP-2020', 'Monday',  '17:10');
insert into F21_S003_7_Orders (customerid , dishid ,  price , orderid , orderdate, weekday, time) values(502, 1144, 25, 1012, '22-SEP-2020', 'Tuesday',  '18:40');
insert into F21_S003_7_Orders (customerid , dishid ,  price , orderid , orderdate, weekday, time) values(502, 1133, 8, 1013, '23-SEP-2020',  'Wednesday',  '17:40');
insert into F21_S003_7_Orders (customerid , dishid ,  price , orderid , orderdate, weekday, time) values(504, 1111, 10, 1014, '23-SEP-2020', 'Wednesday',  '19:40');
insert into F21_S003_7_Orders (customerid , dishid ,  price , orderid , orderdate, weekday, time) values(506, 1133, 8, 1015, '25-SEP-2020', 'Friday',  '18:40');
insert into F21_S003_7_Orders (customerid , dishid ,  price , orderid , orderdate, weekday, time) values(508, 1133, 8, 1016, '25-SEP-2020', 'Friday',  '19:40');
insert into F21_S003_7_Orders (customerid , dishid ,  price , orderid , orderdate, weekday, time) values(509, 1133, 8, 1018, '28-SEP-2020', 'Monday',  '17:40');
insert into F21_S003_7_Orders (customerid , dishid ,  price , orderid , orderdate, weekday, time) values(501, 1133, 8, 1019, '29-SEP-2020', 'Tuesday',  '16:40');
insert into F21_S003_7_Orders (customerid , dishid ,  price , orderid , orderdate, weekday, time) values(510, 1133, 8, 1020, '29-SEP-2020', 'Tuesday',  '17:40');




---------------------------------------------------------------------------------------------------------
----- Transactions ---------------------
insert  into F21_S003_7_Transactions(customerid , branchid , tax , modeofpayment , transactionid) values (502, 10, 4, 'cash',   2001)
insert  into F21_S003_7_Transactions(customerid , branchid , tax , modeofpayment , transactionid) values (504, 20, 4, 'cash',   2002)
insert  into F21_S003_7_Transactions(customerid , branchid , tax , modeofpayment , transactionid) values (508, 20, 4, 'card',   2003)
insert  into F21_S003_7_Transactions(customerid , branchid , tax , modeofpayment , transactionid) values (510, 10, 4, 'card',   2004)
insert  into F21_S003_7_Transactions(customerid , branchid , tax , modeofpayment , transactionid) values (501, 30, 4, 'cash',   2005)
insert  into F21_S003_7_Transactions(customerid , branchid , tax , modeofpayment , transactionid) values (502, 10, 4, 'card',   2006)
insert  into F21_S003_7_Transactions(customerid , branchid , tax , modeofpayment , transactionid) values (505, 20, 4, 'cash',   2007)
insert  into F21_S003_7_Transactions(customerid , branchid , tax , modeofpayment , transactionid) values (504, 20, 4, 'cash',   2008)
insert  into F21_S003_7_Transactions(customerid , branchid , tax , modeofpayment , transactionid) values (506, 30, 4, 'cash',   2009)
insert  into F21_S003_7_Transactions(customerid , branchid , tax , modeofpayment , transactionid) values (507, 10, 4, 'card',   2010)
insert  into F21_S003_7_Transactions(customerid , branchid , tax , modeofpayment , transactionid) values (509, 20, 4, 'card',   2011)
insert  into F21_S003_7_Transactions(customerid , branchid , tax , modeofpayment , transactionid) values (507, 30, 4, 'cash',   2012)
insert  into F21_S003_7_Transactions(customerid , branchid , tax , modeofpayment , transactionid) values (506, 10, 4, 'card',   2013)
insert  into F21_S003_7_Transactions(customerid , branchid , tax , modeofpayment , transactionid) values (510, 10, 4, 'cash',   2014)
insert  into F21_S003_7_Transactions(customerid , branchid , tax , modeofpayment , transactionid) values (508, 10, 4, 'card',   2015)
insert  into F21_S003_7_Transactions(customerid , branchid , tax , modeofpayment , transactionid) values (502, 10, 4, 'cash',   2016)
insert  into F21_S003_7_Transactions(customerid , branchid , tax , modeofpayment , transactionid) values (501, 30, 4, 'card',   2017)
insert  into F21_S003_7_Transactions(customerid , branchid , tax , modeofpayment , transactionid) values (509, 20, 4, 'card',   2018)
insert  into F21_S003_7_Transactions(customerid , branchid , tax , modeofpayment , transactionid) values (502, 30, 4, 'card',   2019)
insert  into F21_S003_7_Transactions(customerid , branchid , tax , modeofpayment , transactionid) values (503, 10, 4, 'card',   2020)

